"question","times_asked","sources","levels"
"tell me about a time you used genai to improve personal or team productivity","5","https://www.reddit.com/r/amazonsdeprep/comments/1v9ow36/amazon_sde2_prime_video_interview_experience_2026/ https://www.reddit.com/r/amazonemployees/comments/1vdbrm6/amazon_sde2_interview_process_hackerrank_oa/ https://www.reddit.com/r/amazonemployees/comments/1v9ow7s/amazon_prime_video_sde2_interview_questions/ https://www.reddit.com/r/interviewpreparations/comments/1vdbrh6/amazon_prime_video_sde2_interview_questions/ https://www.reddit.com/r/FAANGJobs/comments/1v9ovz7/amazon_sde2_interview_process_hackerrank_oa/","SDE2/L5"
"tell me about a time you used genai to automate or streamline a workflow","5","https://www.reddit.com/r/amazonsdeprep/comments/1v9ow36/amazon_sde2_prime_video_interview_experience_2026/ https://www.reddit.com/r/amazonemployees/comments/1vdbrm6/amazon_sde2_interview_process_hackerrank_oa/ https://www.reddit.com/r/amazonemployees/comments/1v9ow7s/amazon_prime_video_sde2_interview_questions/ https://www.reddit.com/r/interviewpreparations/comments/1vdbrh6/amazon_prime_video_sde2_interview_questions/ https://www.reddit.com/r/FAANGJobs/comments/1v9ovz7/amazon_sde2_interview_process_hackerrank_oa/","SDE2/L5"
"tell me about a time you used genai to solve a business problem and what measurable result it delivered","5","https://www.reddit.com/r/amazonsdeprep/comments/1v9ow36/amazon_sde2_prime_video_interview_experience_2026/ https://www.reddit.com/r/amazonemployees/comments/1vdbrm6/amazon_sde2_interview_process_hackerrank_oa/ https://www.reddit.com/r/amazonemployees/comments/1v9ow7s/amazon_prime_video_sde2_interview_questions/ https://www.reddit.com/r/interviewpreparations/comments/1vdbrh6/amazon_prime_video_sde2_interview_questions/ https://www.reddit.com/r/FAANGJobs/comments/1v9ovz7/amazon_sde2_interview_process_hackerrank_oa/","SDE2/L5"
"tell me about a time you failed"" ps: this applies more to senior / staff / principal and management positions in tech","2","https://www.reddit.com/r/leetcode/comments/1qthm7u/how_to_answer_tell_me_about_a_time_you_failed/ https://www.reddit.com/r/jobsearchhacks/comments/1qthk2p/how_to_answer_tell_me_about_a_time_you_failed/","?"
"tell me about a time you directly interacted with a stakeholder for your project or work","2","https://www.reddit.com/r/amazonemployees/comments/1vdbrm6/amazon_sde2_interview_process_hackerrank_oa/ https://www.reddit.com/r/interviewpreparations/comments/1vdbrh6/amazon_prime_video_sde2_interview_questions/","SDE2/L5"
"a time when you needed to influence a peer who had a differing opinion about a shared goal","2","https://www.reddit.com/r/interviewpreparations/comments/1kte01l/how_to_answer_this_amazon_behavioural_interview/ https://www.reddit.com/r/cscareerquestionsIN/comments/1kte0lh/how_to_answer_this_amazon_behavioural_interview/","?"
"tell me about a time you failed","2","https://www.reddit.com/r/leetcode/comments/1qthm7u/how_to_answer_tell_me_about_a_time_you_failed/ https://www.reddit.com/r/jobsearchhacks/comments/1qthk2p/how_to_answer_tell_me_about_a_time_you_failed/","?"
"tell me about time where you completed a project on your own","2","https://www.reddit.com/r/leetcode/comments/1ln8p7c/amazon_india_sde_1_l4_interview_experience/ https://www.reddit.com/r/developersIndia/comments/1ln8ns8/amazon_sde_1_l4_interview_experience_selected/","SDE2/L5"
"tell me about a time you were proud of your work","2","https://www.reddit.com/r/leetcode/comments/1ln8p7c/amazon_india_sde_1_l4_interview_experience/ https://www.reddit.com/r/developersIndia/comments/1ln8ns8/amazon_sde_1_l4_interview_experience_selected/","SDE2/L5"
"describe a time when you needed to influence a peer who had a differing opinion about a shared goal","2","https://www.reddit.com/r/interviewpreparations/comments/1kte01l/how_to_answer_this_amazon_behavioural_interview/ https://www.reddit.com/r/cscareerquestionsIN/comments/1kte0lh/how_to_answer_this_amazon_behavioural_interview/","?"
"tell me about a time you dove deep and optimized something","2","https://www.reddit.com/r/leetcode/comments/1ln8p7c/amazon_india_sde_1_l4_interview_experience/ https://www.reddit.com/r/developersIndia/comments/1ln8ns8/amazon_sde_1_l4_interview_experience_selected/","SDE2/L5"
"tell me about how will you communicate if you think you will miss deadline","2","https://www.reddit.com/r/leetcode/comments/1ln8p7c/amazon_india_sde_1_l4_interview_experience/ https://www.reddit.com/r/developersIndia/comments/1ln8ns8/amazon_sde_1_l4_interview_experience_selected/","SDE2/L5"
"tell me about a time you compromised quality to deliver quickly","2","https://www.reddit.com/r/Btechtards/comments/1rymk3i/amazon_sde_2_interview_prep_experience_oa_4/ https://www.reddit.com/r/DeveloperJobs/comments/1rymikf/interview_experience_amazon_sde_2_l5_offerinclined/","?, SDE2/L5"
"give me an example where you took a risk in a project and succeeded","1","https://www.reddit.com/r/leetcode/comments/1jj2xco/amazon_sde_intern_experience_got_the_offer/","Intern"
"a time when you help your friend or co-worker)","1","https://www.reddit.com/r/amazonemployees/comments/1vpi6f2/upcoming_amazon_sde_new_grad_interview_dsa_lld/","SDE1/L4"
"when have you gone beyond surface-level analysis?","1","https://www.reddit.com/r/u_Careerflow/comments/1qosikj/how_to_prepare_for_amazons_business_intelligence/","?"
"tell me about a time when you had to implement a direction you didn't agree with","1","https://www.reddit.com/r/leetcode/comments/1mg8eov/actual_qns_asked_in_amazon_leadership_principles/","SDE1/L4"
"tell me about a time when you got * negative feedback from a higher up","1","https://www.reddit.com/r/leetcode/comments/1jh9ovd/amazon_india_sde1_offer/","Intern"
"tell me about a time when you had to make a difficult decision to meet a tight deadline","1","https://www.reddit.com/r/leetcode/comments/1eeonw1/amazon_sde2_phone_interview_round/","SDE2/L5"
"a time when you needed to deep dive to solve a problem 2","1","https://www.reddit.com/r/leetcode/comments/1kvbej2/i_got_an_offer_from_amazon_l4_and_failed_my_meta/","Intern"
"tell me about a time when you went out of your comfort zone * please tell me about a difficult job situation &#x200b; notes: there was at least one more question about networks or security (sorry my memory fails)","1","https://www.reddit.com/r/ITCareerQuestions/comments/cz9ctv/amazon_1st_round_interview_questions_manager_level/","?"
"tell me about a time when you had a disagreement with your manager # γ¡é situation: during my internship, i was tasked with integrating an etl pipeline with a legacy backend system","1","https://www.reddit.com/r/leetcode/comments/1ltpffh/how_to_answer_amazon_leadership_principles/","Intern"
"tell me about a time where you took work outside of your responsibility","1","https://www.reddit.com/r/amazonsdeprep/comments/1w1fv6w/amazon_sde_1_newgrad_sde_interview_experience/","SDE1/L4"
"tell me about a time you took on something outside your responsibilities","1","https://www.reddit.com/r/manyoffer/comments/1stt078/how_to_actually_pass_the_amazon_bar_raiser_12/","Intern"
"tell me about a time where you gave someone wrong information","1","https://www.reddit.com/r/recruitinghell/comments/1c79d67/i_was_rejected_after_a_7hour_amazon_interview/","?"
"a time when you had to finish a project quickly to meet a deadline"", here's my story/answer for that, would you help me rephrase it to align with some of amazon leadership principles?","1","https://www.reddit.com/r/leetcode/comments/1jhmf7d/amazon_intern_interview_ask_me_anything/","SDE Intern"
"tell me about a time when you exceeded expectations","1","https://www.reddit.com/r/LeetcodeDesi/comments/1vf9866/amazon_sde_i_internship_experience_oa_interviews/","SDE Intern"
"a time when you had to understand a complex problem with detail, who did you talk to to find valuable information, how was it used to help solve the problem?","1","https://www.reddit.com/r/FAANGrecruiting/comments/1tzgbzu/amazon_sde_intern_fall_experience/","Intern"
"a time when you had a blocker in your work and how did you resolve that blocker?","1","https://www.reddit.com/r/amazonsdeprep/comments/1w1fv6w/amazon_sde_1_newgrad_sde_interview_experience/","SDE1/L4"
"a time where you took work outside of your responsibility","1","https://www.reddit.com/r/amazonsdeprep/comments/1w1fv6w/amazon_sde_1_newgrad_sde_interview_experience/","SDE1/L4"
"tell me about a time when you had to finish a project quickly to meet a deadline"", here's my story/answer for that, would you help me rephrase it to align with some of amazon leadership principles?","1","https://www.reddit.com/r/leetcode/comments/1jhmf7d/amazon_intern_interview_ask_me_anything/","SDE Intern"
"tell me about a time you had to earn the trust of a skeptical colleague","1","https://www.reddit.com/r/AmazonFC/comments/1ulej7e/how_many_behavior_lps_question_does_each/","SDE1/L4"
"tell me about a situation where you had to dig deep, what was the outcome, how did you know you were focusing on the right thing, would you do anything different?","1","https://www.reddit.com/r/FAANGrecruiting/comments/1tzgbzu/amazon_sde_intern_fall_experience/","Intern"
"tell me about a time where you introduced a new process and why was it not already in place at your company ?","1","https://www.reddit.com/r/leetcode/comments/1m6xzy3/got_rejected_after_amazon_sde_2_interview_heres/","?"
"a time when you worked on something outside your comfort zone","1","https://www.reddit.com/r/leetcode/comments/1jh9ovd/amazon_india_sde1_offer/","Intern"
"a time when you had to compromise quality over prescribed timeline","1","https://www.reddit.com/r/leetcode/comments/1ltpffh/how_to_answer_amazon_leadership_principles/","Intern"
"tell me about a time is to think about a few of things you are most proud of and write down notes for details","1","https://www.reddit.com/r/ExperiencedDevs/comments/bfrtnr/how_to_approach_tell_me_about_a_time_interview/","?"
"tell me about a project where you chose the ui/middle layer/database/etc","1","https://www.reddit.com/r/ExperiencedDevs/comments/bfrtnr/how_to_approach_tell_me_about_a_time_interview/","?"
"tell me about a time when you had a conflict with a team member, tell me about a time when you stepped out of your comfort zone, tell me about a project you recently worked on and what the","1","https://www.reddit.com/r/amazonsdeprep/comments/1w1s347/amazon_sde1_new_grad_inperson_interview_experience/","SDE1/L4"
"tell me about a time you made an unorthodox decision","1","https://www.reddit.com/r/ExperiencedDevs/comments/bfrtnr/how_to_approach_tell_me_about_a_time_interview/","?"
"tell me about a time you took on a task outside your job description","1","https://www.reddit.com/r/manyoffer/comments/1rmfqfl/how_to_crack_the_amazon_star_interview_2026_a/","?"
"tell me about a time where you received critical feedback, how did you implement it?","1","https://www.reddit.com/r/FAANGrecruiting/comments/1tzgbzu/amazon_sde_intern_fall_experience/","Intern"
"tell me about a time when you","1","https://www.reddit.com/r/amazonemployees/comments/1l9knca/my_amazon_interview_experience/","SDE1/L4"
"tell me about a project where you had to learn a new skill and eventually excelled at it","1","https://www.reddit.com/r/leetcode/comments/1jj2xco/amazon_sde_intern_experience_got_the_offer/","Intern"
"a time when you did something which was very difficult and how you dealt with negative feedbacks","1","https://www.reddit.com/r/amazonsdeprep/comments/1u30meh/amazon_sde_1_interview_results_auta/","?"
"a time when your project deadline was very near, but you still took time to verify or test the data/code before submission","1","https://www.reddit.com/r/leetcode/comments/1jj2xco/amazon_sde_intern_experience_got_the_offer/","Intern"
"tell me about a time you had to make a design trade-off that prioritized the customer experience over technical convenience","1","https://www.reddit.com/r/InterviewVault/comments/1vtdqn7/interview_questions_design_technologist_ii_prime/","?"
"tell me about a time when you had a blocker in your work and how did you resolve that blocker?","1","https://www.reddit.com/r/amazonsdeprep/comments/1w1fv6w/amazon_sde_1_newgrad_sde_interview_experience/","SDE1/L4"
"tell me about a time you went above and beyond for a customer","1","https://www.reddit.com/r/manyoffer/comments/1stt078/how_to_actually_pass_the_amazon_bar_raiser_12/","Intern"
"tell me about a time when you didnγçöt know what to do next or how to solve a challenging problem","1","https://www.reddit.com/r/leetcode/comments/18bkw8d/need_tips_on_answering_amazon_leadership/","?"
"have you ever sacrificed a short-term goal to achieve a better long-term outcome?","1","https://www.reddit.com/r/amazonemployees/comments/1vgx9zk/amazon_sde_interview_experience_2026_lld_dsa/","SDE2/L5"
"tell me about a challenge you facedγç¥ γçó deep dive into the situation my approach: γçó explained brute γåæ optimized approach γçó did dry run γçó answered behavioral using star outcome: smooth round, interviewer seemed satisfied","1","https://www.reddit.com/r/csMajors/comments/1s9z862/amazon_sde1_interview_experience_india_2026_oa_3/","SDE Intern"
"a time when you didnγçöt know what to do next or how to solve a challenging problem","1","https://www.reddit.com/r/leetcode/comments/18bkw8d/need_tips_on_answering_amazon_leadership/","?"
"tell me about a time you saw a problem and implemented a solution 3","1","https://www.reddit.com/r/leetcode/comments/1svg6nu/preparing_for_amazon_bar_raiser_round_need_advice/","SDE1/L4"
"tell me about a time you had to motivate a team after a demoralizing event # γ¡é situation: in my college final year project, we were developing a gesture-controlled smart device system","1","https://www.reddit.com/r/leetcode/comments/1ltpffh/how_to_answer_amazon_leadership_principles/","Intern"
"a time where you gave someone wrong information","1","https://www.reddit.com/r/recruitinghell/comments/1c79d67/i_was_rejected_after_a_7hour_amazon_interview/","?"
"walk us through how you answered γç£something youγçöre particularly proud ofγç¥?","1","https://www.reddit.com/r/leetcode/comments/1kuh4do/amazon_sde_i_2025_new_grad_usa_interview/","SDE1/L4"
"a time when you had to make a difficult decision to meet a tight deadline","1","https://www.reddit.com/r/leetcode/comments/1eeonw1/amazon_sde2_phone_interview_round/","SDE2/L5"
"tell me about a time you took responsibility beyond your role","1","https://www.reddit.com/r/u_Careerflow/comments/1qosikj/how_to_prepare_for_amazons_business_intelligence/","?"
"tell me about a time you encountered a technical bottleneck in a prototype","1","https://www.reddit.com/r/InterviewVault/comments/1vtdqn7/interview_questions_design_technologist_ii_prime/","?"
"a time when you had a conflict with a team-mate or someone""!","1","https://www.reddit.com/r/leetcode/comments/1jhmf7d/amazon_intern_interview_ask_me_anything/","SDE Intern"
"a time when you got * negative feedback from a higher up","1","https://www.reddit.com/r/leetcode/comments/1jh9ovd/amazon_india_sde1_offer/","Intern"
"describe a time you used data to make a recommendation, which requires you to explain your financial reasoning without necessarily building a valuation model on the spot","1","https://www.reddit.com/r/amazonemployees/comments/1w5g1hh/amazon_afrp_business_unit_finance_intern_summer/","Intern"
"a time when you had a disagreement with your manager # γ¡é situation: during my internship, i was tasked with integrating an etl pipeline with a legacy backend system","1","https://www.reddit.com/r/leetcode/comments/1ltpffh/how_to_answer_amazon_leadership_principles/","Intern"
"a time when you exceeded expectations","1","https://www.reddit.com/r/LeetcodeDesi/comments/1vf9866/amazon_sde_i_internship_experience_oa_interviews/","SDE Intern"
"describe a time you simplified a complex process","1","https://www.reddit.com/r/manyoffer/comments/1stt078/how_to_actually_pass_the_amazon_bar_raiser_12/","Intern"
"a time when you had to implement a direction you didn't agree with","1","https://www.reddit.com/r/leetcode/comments/1mg8eov/actual_qns_asked_in_amazon_leadership_principles/","SDE1/L4"
"a time where you introduced a new process and why was it not already in place at your company ?","1","https://www.reddit.com/r/leetcode/comments/1m6xzy3/got_rejected_after_amazon_sde_2_interview_heres/","?"
"tell me about a time when you had to understand a complex problem with detail, who did you talk to to find valuable information, how was it used to help solve the problem?","1","https://www.reddit.com/r/FAANGrecruiting/comments/1tzgbzu/amazon_sde_intern_fall_experience/","Intern"
"tell me about a time you disagreed with a senior engineer","1","https://www.reddit.com/r/InterviewsHell/comments/1tij2gi/ran_interviewman_through_the_full_amazon_virtual/","SDE2/L5"
"a time when you went out of your comfort zone * please tell me about a difficult job situation &#x200b; notes: there was at least one more question about networks or security (sorry my memory fails)","1","https://www.reddit.com/r/ITCareerQuestions/comments/cz9ctv/amazon_1st_round_interview_questions_manager_level/","?"
"tell me about a time you pushed for something","1","https://www.reddit.com/r/ExperiencedDevs/comments/bfrtnr/how_to_approach_tell_me_about_a_time_interview/","?"
"walk me through a feature you developed","1","https://www.reddit.com/r/leetcode/comments/1ge6rrd/how_i_cracked_amazon_leadership_principle/","?"
"describe a time you had to make a decision with incomplete information","1","https://www.reddit.com/r/manyoffer/comments/1rmfqfl/how_to_crack_the_amazon_star_interview_2026_a/","?"
"tell me about a time you made a mistake in a data pipeline,"" ""tell me about a data quality issue and how you resolved it,"" that s","1","https://www.reddit.com/r/dataengineersindia/comments/1w8ax28/amazon_data_engineer_l5_interview_experience/","Intern"
"a time when you had a conflict with a team member, tell me about a time when you stepped out of your comfort zone, tell me about a project you recently worked on and what the","1","https://www.reddit.com/r/amazonsdeprep/comments/1w1s347/amazon_sde1_new_grad_inperson_interview_experience/","SDE1/L4"
"tell me about a situation where you pushed back on a customer request","1","https://www.reddit.com/r/amazonemployees/comments/1vgx9zk/amazon_sde_interview_experience_2026_lld_dsa/","SDE2/L5"
"tell me about a time you utilized customer feedback to drive improvement","1","https://www.reddit.com/r/manyoffer/comments/1rmfqfl/how_to_crack_the_amazon_star_interview_2026_a/","?"
"tell me about a project where you did something exceptional","1","https://www.reddit.com/r/amazonemployees/comments/1svofp6/interview_experience_2_rounds/","Intern"
"a time where you had to balance the needs of the customer vs","1","https://www.reddit.com/r/amazonemployees/comments/1w47z1s/amazon_behavioural_questions_leadership/","?"
"tell me about a time when your project deadline was very near, but you still took time to verify or test the data/code before submission","1","https://www.reddit.com/r/leetcode/comments/1jj2xco/amazon_sde_intern_experience_got_the_offer/","Intern"
"tell me about a time you delegated a critical task to a junior engineer, and they completely messed it up, causing a significant delay","1","https://www.reddit.com/r/InterviewCoderHQ/comments/1pmkcrc/the_amazon_bar_raiser_round_why_it_sucks_and_how/","Unspecified"
"tell me about a time you had to make a difficult decision","1","https://www.reddit.com/r/learnprogramming/comments/ycr64a/amazon_interview_experience_frontend_l4_10_yoe/","SDE2/L5"
"tell me about a time you did something that was not your task (like go above and beyond) 2","1","https://www.reddit.com/r/leetcode/comments/1svg6nu/preparing_for_amazon_bar_raiser_round_need_advice/","SDE1/L4"
"describe a time when you needed to deep dive to solve a problem 2","1","https://www.reddit.com/r/leetcode/comments/1kvbej2/i_got_an_offer_from_amazon_l4_and_failed_my_meta/","Intern"
"a time where you interacted with a customer with negative feedback directly","1","https://www.reddit.com/r/learnprogramming/comments/ycr64a/amazon_interview_experience_frontend_l4_10_yoe/","SDE2/L5"
"describe a time when you optimized the performance of an application","1","https://www.reddit.com/r/leetcode/comments/1eeonw1/amazon_sde2_phone_interview_round/","SDE2/L5"
"a time where you got negative feedback and it was your fault","1","https://www.reddit.com/r/learnprogramming/comments/ycr64a/amazon_interview_experience_frontend_l4_10_yoe/","SDE2/L5"
"tell me about a time where you interacted with a customer with negative feedback directly","1","https://www.reddit.com/r/learnprogramming/comments/ycr64a/amazon_interview_experience_frontend_l4_10_yoe/","SDE2/L5"
"a time when you optimized the performance of an application","1","https://www.reddit.com/r/leetcode/comments/1eeonw1/amazon_sde2_phone_interview_round/","SDE2/L5"
"a time where you received critical feedback, how did you implement it?","1","https://www.reddit.com/r/FAANGrecruiting/comments/1tzgbzu/amazon_sde_intern_fall_experience/","Intern"
"tell me about a time you used data to solve a problem they went really in depth for each of my answers","1","https://www.reddit.com/r/leetcode/comments/1svg6nu/preparing_for_amazon_bar_raiser_round_need_advice/","SDE1/L4"
"tell me about a time when you worked on something outside your comfort zone","1","https://www.reddit.com/r/leetcode/comments/1jh9ovd/amazon_india_sde1_offer/","Intern"
"tell me about a project you recently worked on and what the","1","https://www.reddit.com/r/amazonsdeprep/comments/1w1s347/amazon_sde1_new_grad_inperson_interview_experience/","SDE1/L4"
"a time when you took a big risk and it failed **hire & develop the best**: raise the performance bar with every hire & pr","1","https://www.reddit.com/r/amazonemployees/comments/1w47z1s/amazon_behavioural_questions_leadership/","?"
